[
  {
    "id": "7a2fee71-22f6-49c2-960a-84de76ac6911",
    "data": [
      {
        "text": "hey",
        "userDefined": false
      },
      {
        "text": " ",
        "userDefined": false
      }
    ],
    "isTemplate": false,
    "count": 0,
    "updated": 0
  },
  {
    "id": "5698a075-05ff-465a-923a-10b8c74223a3",
    "data": [
      {
        "text": "hello",
        "userDefined": false
      },
      {
        "text": " ",
        "userDefined": false
      }
    ],
    "isTemplate": false,
    "count": 0,
    "updated": 0
  },
  {
    "id": "5f545e46-8aa7-43e6-ac39-8b7cc1f6de07",
    "data": [
      {
        "text": "hi",
        "userDefined": false
      },
      {
        "text": " ",
        "userDefined": false
      }
    ],
    "isTemplate": false,
    "count": 0,
    "updated": 0
  },
  {
    "id": "c33dc7c7-f4d1-47f7-9a2c-adbeb606382e",
    "data": [
      {
        "text": "good",
        "userDefined": false
      },
      {
        "text": " ",
        "userDefined": false
      },
      {
        "text": "morning",
        "userDefined": false
      },
      {
        "text": " ",
        "userDefined": false
      }
    ],
    "isTemplate": false,
    "count": 0,
    "updated": 0
  },
  {
    "id": "1061abb6-3ac8-4d05-ac68-9ec5c1c6b959",
    "data": [
      {
        "text": "good",
        "userDefined": false
      },
      {
        "text": " ",
        "userDefined": false
      },
      {
        "text": "evening",
        "userDefined": false
      },
      {
        "text": " ",
        "userDefined": false
      }
    ],
    "isTemplate": false,
    "count": 0,
    "updated": 0
  },
  {
    "id": "ee9c7f44-b426-4f82-b770-e523914261f7",
    "data": [
      {
        "text": "hey",
        "userDefined": false
      },
      {
        "text": " ",
        "userDefined": false
      },
      {
        "text": "there",
        "userDefined": false
      },
      {
        "text": " ",
        "userDefined": false
      }
    ],
    "isTemplate": false,
    "count": 0,
    "updated": 0
  }
]